Book Id,Title,Author,Author l-f,Additional Authors,ISBN,ISBN13,My Rating,Average Rating,Publisher,Binding,Number of Pages,Year Published,Original Publication Year,Date Read,Date Added,Bookshelves,Bookshelves with positions,Exclusive Shelf,My Review,Spoiler,Private Notes,Read Count,Owned Copies
134825,The Cathedral & the Bazaar: Musings on Linux and Open Source by an Accidental Revolutionary,Eric S. Raymond,"Raymond, Eric S.",,"=""0596001088""","=""9780596001087""",4,3.83,O'Reilly Media,Paperback,241,2001,1999,,2024/11/28,,,read,,,,0,0
243725,"Out of Control: The New Biology of Machines, Social Systems, and the Economic World",Kevin Kelly,"Kelly, Kevin",,"=""0201483408""","=""9780201483406""",4,4.22,Basic Books,Paperback,531,1995,1992,2024/11/01,2024/11/26,,,read,,,,1,0
13629,The Mythical Man-Month: Essays on Software Engineering,Frederick P. Brooks Jr.,"Jr., Frederick P. Brooks",,"=""0201835959""","=""9780201835953""",4,4.01,Addison-Wesley Professional,Paperback,322,1995,1975,2024/11/01,2024/11/21,,,read,,,,1,0
53483,"Disclosing New Worlds: Entrepreneurship, Democratic Action, and the Cultivation of Solidarity",Charles Spinosa,"Spinosa, Charles","Fernando Flores, Huebert L. Dreyfus","=""0262692244""","=""9780262692243""",4,4.10,MIT Press,Paperback,232,1999,1997,2024/11/01,2024/11/16,,,read,,,,1,0
299157,The Sensory Order: An Inquiry into the Foundations of Theoretical Psychology,Friedrich A. Hayek,"Hayek, Friedrich A.",,"=""0226320944""","=""9780226320946""",4,4.20,University of Chicago Press,Paperback,232,1999,1952,2024/11/01,2024/11/16,,,read,,,,1,0
37861,Multiculturalism,Charles Margrave Taylor,"Taylor, Charles Margrave","Kwame Anthony Appiah, Jürgen Habermas, Stephen C. Rockefeller, Michael Walzer, Susan Wolf, Amy Gutmann","=""0691037795""","=""9780691037790""",4,3.79,Princeton University Press,Paperback,175,1994,1992,2024/11/01,2024/11/15,,,read,,,,1,0
216232048,A Universal Learning Process (The Evolution of Meaning Book 1),Brendan Graham Dempsey,"Dempsey, Brendan Graham",,"=""""","=""""",4,4.67,Sky Meadow Press,Kindle Edition,143,2024,,2024/10/01,2024/10/28,,,read,,,,1,0
1728305,"Symbolism, its Meaning and Effect: Barbour-Page Lectures, University of Virginia 1927",Alfred North Whitehead,"Whitehead, Alfred North",,"=""0521067901""","=""9780521067904""",4,3.91,Cambridge University Press,Hardcover,88,1928,1927,2024/11/01,2024/11/15,,,read,,,,1,0
33197406,Background Practices: Essays on the Understanding of Being,Hubert L. Dreyfus,"Dreyfus, Hubert L.",Mark A. Wrathall,"=""0198796226""","=""9780198796220""",3,4.33,Oxford University Press,Hardcover,270,2017,,2024/10/01,2024/10/28,,,read,,,,1,0
1039575,What Computers Can't Do: The Limits of Artificial Intelligence,Hubert L. Dreyfus,"Dreyfus, Hubert L.",,"=""0060906138""","=""9780060906139""",4,3.89,HarperCollins,Paperback,354,1978,2015,2024/10/01,2024/10/24,,,read,,,,1,0
1476342,The Counter-Revolution of Science,Friedrich A. Hayek,"Hayek, Friedrich A.",,"=""0913966673""","=""9780913966679""",5,4.20,Liberty Fund Inc.,Paperback,415,2010,1952,2024/10/01,2024/10/22,,,read,,,,1,0
153954,The Human Use of Human Beings: Cybernetics and Society,Norbert Wiener,"Wiener, Norbert",,"=""0306803208""","=""9780306803208""",4,4.02,Da Capo Press,Paperback,199,1988,1949,2024/10/01,2024/10/20,,,read,,,,1,0
8707564,A Foray Into the Worlds of Animals and Humans: With a Theory of Meaning,Jakob Johann von Uexküll,"Uexküll, Jakob Johann von",Joseph D. O'Neil,"=""0816659001""","=""9780816659005""",4,4.04,Univ Of Minnesota Press,Paperback,248,2010,1934,2024/10/01,2024/10/18,,,read,,,,1,0
8701960,"The Information: A History, a Theory, a Flood",James Gleick,"Gleick, James",,"=""0375423729""","=""9780375423727""",4,4.03,Knopf Doubleday Publishing Group,Hardcover,527,2011,2011,2024/10/01,2024/10/18,,,read,,,,1,0
203353,The Cambridge Companion to Merleau-Ponty (Cambridge Companions to Philosophy),Taylor Carman,"Carman, Taylor",Mark B. N. Hansen,"=""0521007771""","=""9780521007771""",4,4.04,Cambridge University Press,Paperback,408,2004,2004,2024/10/01,2024/10/14,,,read,,,,1,0
1307521,Freedom and the Law,Bruno Leoni,"Leoni, Bruno",,"=""0865970971""","=""9780865970977""",4,4.08,Liberty Fund,Paperback,274,1991,1961,2024/10/01,2024/10/14,,,read,,,,1,0
7936425,More Money Than God: Hedge Funds and the Making of a New Elite,Sebastian Mallaby,"Mallaby, Sebastian",,"=""1594202559""","=""9781594202551""",4,4.10,Penguin Press,Hardcover,496,2010,2010,2024/09/26,2024/09/26,,,read,,,,1,0
75593647,"Football Done Right: Setting the Record Straight on the Coaches, Players, and History of the NFL",Michael Lombardi,"Lombardi, Michael",,"=""0762479531""","=""9780762479535""",3,3.60,Running Press Adult,Hardcover,304,2023,,2024/10/01,2024/10/07,,,read,,,,1,0
2039166,Hermeneutics and Education (Suny Series in Contemporary Continental Philosophy),Shaun Gallagher,"Gallagher, Shaun",,"=""0791411761""","=""9780791411766""",4,4.08,State University of New York Press,Paperback,424,1992,1992,2024/10/01,2024/10/07,,,read,,,,1,0
277145,"Mind and Nature: A Necessary Unity (Advances in Systems Theory, Complexity, and the Human Sciences)",Gregory Bateson,"Bateson, Gregory",Alfonso Montuori,"=""1572734345""","=""9781572734340""",5,4.26,Hampton Press,Paperback,220,2002,1979,2024/09/01,2024/09/30,,,read,,,,1,0
2029664,"Reinventing the Sacred: A New View of Science, Reason, and Religion",Stuart A. Kauffman,"Kauffman, Stuart A.",,"=""0465003001""","=""9780465003006""",4,3.65,Basic Books,Hardcover,320,2008,2008,2024/09/01,2024/09/26,,,read,,,,1,0
142863,The Social Transformation of American Medicine: The Rise of a Sovereign Profession and the Making of a Vast Industry,Paul Starr,"Starr, Paul",,"=""0465079350""","=""9780465079353""",5,4.16,Basic Books,Paperback,514,1982,1982,2024/09/01,2024/09/15,,,read,,,,1,0
25733505,"A Man for All Markets: From Las Vegas to Wall Street, How I Beat the Dealer and the Market",Edward O. Thorp,"Thorp, Edward O.",Nassim Nicholas Taleb,"=""1400067960""","=""9781400067961""",4,4.24,Random House,Hardcover,416,2017,2016,2024/09/01,2024/09/15,,,read,,,,1,0
33932,"The Hedgehog, the Fox & the Magister's Pox: Mending the Gap Between Science & the Humanities",Stephen Jay Gould,"Gould, Stephen Jay",,"=""1400051533""","=""9781400051533""",3,3.64,Three Rivers Press,Paperback,288,2004,2003,2024/09/01,2024/09/01,,,read,,,,1,0
566574,Out of the Crisis,W. Edwards Deming,"Deming, W. Edwards",,"=""0262541157""","=""9780262541152""",4,4.01,The MIT Press,Paperback,524,2000,1982,2024/08/01,2024/09/01,,,read,,,,1,0
3188964,The Doors of Perception,Aldous Huxley,"Huxley, Aldous",,"=""""","=""""",4,3.91,Chatto & Windus ,Hardcover,208,1954,1954,2022/12/16,2022/10/03,,,read,,,,1,0
672512,Investigations,Stuart A. Kauffman,"Kauffman, Stuart A.",,"=""0195121058""","=""9780195121056""",4,4.07,Oxford University Press,Paperback,308,2002,2000,2024/07/01,2024/07/30,,,read,,,,1,0
4443547,"The Unfinished Game: Pascal, Fermat, and the Seventeenth-Century Letter that Made the World Modern",Keith Devlin,"Devlin, Keith",,"=""0465009107""","=""9780465009107""",3,3.71,Basic Books,Hardcover,208,2008,2008,2024/07/01,2024/07/30,,,read,,,,1,0
106350,The Lady Tasting Tea: How Statistics Revolutionized Science in the Twentieth Century,David Salsburg,"Salsburg, David",,"=""0805071342""","=""9780805071344""",3,3.92,Holt Paperbacks,Paperback,352,2002,2001,2024/07/01,2024/07/30,,,read,,,,1,0
38315,Fooled by Randomness: The Hidden Role of Chance in Life and in the Markets (Incerto),Nassim Nicholas Taleb,"Taleb, Nassim Nicholas",,"=""0812975219""","=""9780812975215""",4,4.08,Random House Trade Paperbacks,Paperback,368,2005,2001,2024/07/01,2024/07/30,,,read,,,,1,0
1016006,The Value of Science: Essential Writings of Henri Poincare (Modern Library Science),Henri Poincaré,"Poincaré, Henri",,"=""0375758488""","=""9780375758485""",3,4.23,Random House Publishing Group,Paperback,608,2001,1905,2024/07/01,2024/07/30,,,read,,,,1,0
49107221,Philosophy Smackdown,Douglas  Edwards,"Edwards, Douglas",,"=""1509537651""","=""9781509537655""",3,3.79,Polity,Hardcover,200,2020,,2024/07/01,2024/07/30,,,read,,,,1,0
6321234,The Nature of Technology: What It Is and How It Evolves,W. Brian Arthur,"Arthur, W. Brian",,"=""1416544054""","=""9781416544050""",3,3.96,Free Press,Hardcover,256,2009,2009,2024/07/01,2024/07/13,,,read,,,,1,0
11989,The Plague,Albert Camus,"Camus, Albert",Stuart Gilbert,"=""""","=""""",4,4.02,Vintage International,Paperback,308,1991,1947,2024/07/01,2024/07/06,,,read,,,,1,0
61917616,Poison Ivy: How Elite Colleges Divide Us,Evan Mandery,"Mandery, Evan",,"=""1620976951""","=""9781620976951""",3,4.16,The New Press,Hardcover,384,2022,,2024/07/01,2024/07/05,,,read,,,,1,0
319006,At Home in the Universe: The Search for the Laws of Self-Organization and Complexity,Stuart A. Kauffman,"Kauffman, Stuart A.",,"=""0195111303""","=""9780195111309""",4,4.02,Oxford University Press,Paperback,336,1996,1995,2024/07/01,2024/07/04,,,read,,,,1,0
373330,Ethics and Infinity: Conversations with Philippe Nemo,Emmanuel Levinas,"Levinas, Emmanuel",Richard A. Cohen,"=""0820701785""","=""9780820701783""",3,3.88,Duquesne University Press,Paperback,126,1985,1982,2024/07/01,2024/07/04,,,read,,,,1,0
299215,The Road to Serfdom,Friedrich A. Hayek,"Hayek, Friedrich A.",Milton Friedman,"=""0226320618""","=""9780226320618""",3,4.16,University of Chicago Press,Paperback,274,1994,1944,2024/06/01,2024/06/24,,,read,,,,1,0
51877,Capitalism and Freedom,Milton Friedman,"Friedman, Milton",,"=""0226264211""","=""9780226264219""",3,3.91,University of Chicago Press,Paperback,208,2002,1962,2024/06/01,2024/06/23,,,read,,,,1,0
676046,The Sciences of the Artificial,Herbert A. Simon,"Simon, Herbert A.",,"=""0262691914""","=""9780262691918""",3,4.29,MIT Press,Paperback,248,1996,1969,2024/06/01,2024/06/23,,,read,,,,1,0
17841,Foucault’s Pendulum,Umberto Eco,"Eco, Umberto",William Weaver,"=""015603297X""","=""9780156032971""",3,3.91,Mariner Books,Paperback,623,2007,1988,2024/06/01,2024/06/23,,,read,,,,1,0
42938221,Stay the Course: The Story of Vanguard and the Index Revolution,John C. Bogle,"Bogle, John C.",,"=""""","=""""",3,3.87,Wiley,Kindle Edition,316,2018,,2024/06/01,2024/06/16,,,read,,,,1,0
3192744,Signs: An Introduction to Semiotics (Toronto Studies in Semiotics and Communication),Thomas Albert Sebeok,"Sebeok, Thomas Albert",,"=""0802036341""","=""9780802036346""",3,3.65,"University of Toronto Press, Scholarly Publishing Division",Hardcover,216,2001,1994,2024/06/01,2024/06/16,,,read,,,,1,0
337123,Complexity: The Emerging Science at the Edge of Order and Chaos,M. Mitchell Waldrop,"Waldrop, M. Mitchell",,"=""0671872346""","=""9780671872342""",4,4.05,Simon & Schuster,Paperback,384,1992,1992,2024/06/01,2024/06/15,,,read,,,,1,0
54234724,The Great Crash of 1929,John Kenneth Galbraith,"Galbraith, John Kenneth",Nelson Runger,"=""1490660879""","=""9781490660875""",4,3.92,"Recorded Books, Inc.",Audiobook,,2016,1954,2024/06/01,2024/06/10,,,read,,,,1,0
152435,"Steps to an Ecology of Mind: Collected Essays in Anthropology, Psychiatry, Evolution, and Epistemology",Gregory Bateson,"Bateson, Gregory",,"=""0226039056""","=""9780226039053""",4,4.26,University of Chicago Press,Paperback,533,2000,1972,2024/06/01,2024/06/03,,,read,,,,1,0
51909,The Rediscovery of the Mind,John Rogers Searle,"Searle, John Rogers",,"=""026269154X""","=""9780262691543""",4,3.93,Bradford Books,Paperback,286,1992,1992,2024/05/01,2024/05/29,,,read,,,,1,0
287718,A Commentary on Heidegger's Being and Time,Michael Gelven,"Gelven, Michael",,"=""0875805442""","=""9780875805443""",5,4.02,Northern Illinois University Press,Paperback,244,1989,1989,2024/05/01,2024/05/28,,,read,,,,1,0
6452731,Justice: What's the Right Thing to Do?,Michael J. Sandel,"Sandel, Michael J.",,"=""0374180652""","=""9780374180652""",3,4.30,"Farrar, Straus and Giroux",Hardcover,308,2009,2007,2024/05/01,2024/05/24,,,read,,,,1,0
12074,Wittgenstein's Poker: The Story of a Ten-Minute Argument Between Two Great Philosophers,David Edmonds,"Edmonds, David",John Eidinow,"=""0060936649""","=""9780060936648""",4,3.78,Ecco,Paperback,368,2002,2001,2024/05/01,2024/05/21,,,read,,,,1,0
55271771,How to Keep an Open Mind: An Ancient Guide to Thinking Like a Skeptic (Ancient Wisdom for Modern Readers),Sextus Empiricus,"Empiricus, Sextus",Richard Bett,"=""069120604X""","=""9780691206042""",3,2.86,Princeton University Press,Hardcover,280,2021,2021,2024/05/01,2024/05/18,,,read,,,,1,0
253801,Science and the Modern World,Alfred North Whitehead,"Whitehead, Alfred North",,"=""0684836394""","=""9780684836393""",4,3.97,Free Press,Paperback,224,1997,1926,2024/05/01,2024/05/19,,,read,,,,1,0
13530973,Antifragile: Things That Gain from Disorder,Nassim Nicholas Taleb,"Taleb, Nassim Nicholas",,"=""1400067820""","=""9781400067824""",4,4.10,Random House,Hardcover,426,2012,2012,2024/05/01,2024/05/17,,,read,,,,1,0
317278,The Medusa and the Snail: More Notes of a Biology Watcher,Lewis Thomas,"Thomas, Lewis",,"=""0140243194""","=""9780140243192""",4,4.08,Penguin Publishing Group,Paperback,192,1995,1974,2024/05/01,2024/05/10,,,read,,,,1,0
31856,Philosophy in the Flesh: The Embodied Mind and its Challenge to Western Thought,George Lakoff,"Lakoff, George",Mark Johnson,"=""0465056741""","=""9780465056743""",4,4.08,Basic Books,Paperback,640,1999,1998,2024/05/01,2024/05/07,,,read,,,,1,0
8247775,The Little Book That Still Beats the Market,Joel Greenblatt,"Greenblatt, Joel",Andrew Tobias,"=""0470624159""","=""9780470624159""",4,4.05,John Wiley & Sons,Hardcover,208,2010,2007,2024/05/01,2024/05/03,,,read,,,,1,0
840,The Design of Everyday Things,Donald A. Norman,"Norman, Donald A.",,"=""0465067107""","=""9780465067107""",4,4.15,Basic Books,Paperback,257,2002,1988,2024/05/01,2024/05/03,,,read,,,,1,0
723584,This is Biology: The Science of the Living World,Ernst W. Mayr,"Mayr, Ernst W.",,"=""0674884698""","=""9780674884694""",5,3.98,Belknap Press of Harvard University Press,Paperback,323,1998,1997,2024/05/01,2024/05/05,,,read,,,,1,0
3282,"Minds, Brains and Science",John Rogers Searle,"Searle, John Rogers",,"=""0674576330""","=""9780674576339""",4,3.76,Harvard University Press,Paperback,107,1984,1984,2024/05/01,2024/05/06,,,read,,,,1,0
6288,The Road,Cormac McCarthy,"McCarthy, Cormac",,"=""0307265439""","=""9780307265432""",4,3.99,Alfred A. Knopf,Hardcover,241,2006,2006,2024/04/01,2024/04/21,,,read,,,,2,0
402226,Gestalt Therapy Verbatim,Frederick Salomon Perls,"Perls, Frederick Salomon",,"=""0939266164""","=""9780939266166""",4,4.12,The Gestalt Journal Press,Paperback,322,1992,1968,2024/04/01,2024/04/28,,,read,,,,1,0
25622877,The Tides of Mind: Uncovering the Spectrum of Consciousness,David Gelernter,"Gelernter, David",,"=""0871403803""","=""9780871403803""",4,3.52,Liveright,Hardcover,320,2016,2016,2024/04/01,2024/04/28,,,read,,,,1,0
13587146,Louder Than Words: The New Science of How the Mind Makes Meaning,Benjamin K. Bergen,"Bergen, Benjamin K.",,"=""0465028292""","=""9780465028290""",4,3.81,Basic Books,Hardcover,312,2012,2012,2024/04/01,2024/04/20,,,read,,,,1,0
21119,The Ethics of Ambiguity,Simone de Beauvoir,"Beauvoir, Simone de",Bernard Frechtman,"=""080650160X""","=""9780806501604""",3,4.17,Citadel,Paperback,162,2000,1947,2024/04/01,2024/04/14,,,read,,,,1,0
818155,A Feeling for the Organism: The Life and Work of Barbara McClintock,Evelyn Fox Keller,"Keller, Evelyn Fox",,"=""071671504X""","=""9780716715047""",4,4.05,W. H. Freeman,Paperback,235,1984,1983,2024/04/01,2024/04/14,,,read,,,,1,0
64582,Chaos: Making a New Science,James Gleick,"Gleick, James",,"=""0140092501""","=""9780140092509""",4,4.04,Penguin Group,Paperback,352,1988,1987,2024/04/01,2024/04/07,,,read,,,,1,0
17690,The Trial,Franz Kafka,"Kafka, Franz","Max Brod, Willa Muir, Edwin Muir","=""""","=""""",3,3.95,Vintage,Paperback,255,2001,1925,2024/04/01,2024/04/07,,,read,,,,1,0
962707,Atlas: From the Streets to the Ring: A Son's Struggle to Become a Man,Teddy Atlas,"Atlas, Teddy",Peter Alson,"=""0060542403""","=""9780060542405""",5,4.30,Ecco,Hardcover,288,2006,2006,2024/04/01,2024/04/09,,,read,,,,1,0
631985,How We Think,John Dewey,"Dewey, John",,"=""0486298957""","=""9780486298955""",4,3.87,Dover Publications,Paperback,240,1997,1910,2024/03/01,2024/03/31,,,read,,,,1,0
32661378,Perception and its Development in Merleau-Ponty's 'Phenomenology',Kirsten Jacobson,"Jacobson, Kirsten",John Russon,"=""1487501285""","=""9781487501280""",4,4.67,University of Toronto Press,Hardcover,392,2017,,2024/03/01,2024/03/28,,,read,,,,1,0
291290,"Being There: Putting Brain, Body, and World Together Again",Andy  Clark,"Clark, Andy",,"=""0262531569""","=""9780262531566""",4,4.15,The MIT Press,Paperback,292,1998,1996,2024/03/01,2024/03/19,,,read,,,,1,0
53375041,"Adult Life: Aging, Responsibility, and the Pursuit of Happiness (SUNY Series in Contemporary Continental Philosophy)",John Russon,"Russon, John",,"=""1438479514""","=""9781438479514""",4,4.67,State Univ of New York Pr,Hardcover,237,2020,,2024/03/01,2024/03/24,,,read,,,,1,0
368124,Philosophy of Existence (Works in Continental Philosophy),Karl Jaspers,"Jaspers, Karl",Richard F. Grabau,"=""0812210107""","=""9780812210101""",4,3.83,University of Pennsylvania Press,Paperback,128,1971,1938,2024/03/01,2024/03/16,,,read,,,,1,0
9052526,What Is Mental Illness?,Richard J. McNally,"McNally, Richard J.",,"=""0674046498""","=""9780674046498""",4,3.93,Belknap Press,Hardcover,288,2011,2011,2024/03/01,2024/03/15,,,read,,,,1,0
203350,"The Primacy of Perception: And Other Essays on Phenomenological Psychology, the Philosophy of Art, History and Politics (Studies in Phenomenology and Existential Philosophy)",Maurice Merleau-Ponty,"Merleau-Ponty, Maurice","William Cobb, James M. Edie","=""0810101645""","=""9780810101647""",4,4.07,Northwestern University Press,Paperback,228,1964,1964,2024/03/01,2024/03/12,,,read,,,,1,0
416950,Karl Jaspers: A Biography--Navigations in Truth,Suzanne Kirkbright,"Kirkbright, Suzanne",,"=""0300102429""","=""9780300102420""",4,3.68,Yale University Press,Hardcover,400,2004,2004,2024/03/01,2024/03/07,,,read,,,,1,0
104527,Not by Genes Alone: How Culture Transformed Human Evolution,Peter J. Richerson,"Richerson, Peter J.",Robert   Boyd,"=""0226712125""","=""9780226712123""",3,3.93,University of Chicago Press,Paperback,342,2006,2004,2024/03/01,2024/03/01,,,read,,,,1,0
37860,"The Ethics of Authenticity [Hardcover] [Jan 01, 1991] Charles Taylor",Charles Margrave Taylor,"Taylor, Charles Margrave",,"=""0674268636""","=""9780674268630""",5,3.93,Harvard University Press,Hardcover,152,1991,1991,2024/03/01,2024/03/02,,,read,,,,1,0
695440,The Tree of Knowledge: The Biological Roots of Human Understanding,Humberto R. Maturana,"Maturana, Humberto R.",Francisco J. Varela,"=""0877736421""","=""9780877736424""",4,4.20,Shambhala,Paperback,272,1992,1984,2024/03/01,2024/03/01,,,read,,,,1,0
368118,Way to Wisdom: An Introduction to Philosophy,Karl Jaspers,"Jaspers, Karl",Ralph Manheim,"=""0300097352""","=""9780300097351""",4,3.72,Yale University Press,Paperback,224,2003,1950,2024/02/01,2024/02/26,,,read,,,,1,0
414056,The Education of a Coach,David Halberstam,"Halberstam, David",,"=""1401301541""","=""9781401301545""",4,3.95,Hyperion,Hardcover,288,2005,2005,2024/02/01,2024/02/22,,,read,,,,1,0
427936,Sight Unseen: An Exploration of Conscious and Unconscious Vision,Melvyn A. Goodale,"Goodale, Melvyn A.",A. David Milner,"=""019856807X""","=""9780198568070""",4,4.08,Oxford University Press,Paperback,152,2005,2004,2024/02/01,2024/02/18,,,read,,,,1,0
25658482,At the Existentialist Café,Sarah Bakewell,"Bakewell, Sarah",,"=""0701186585""","=""9780701186586""",5,4.24,Chatto & Windus,Hardcover,440,2016,2016,2024/02/01,2024/02/16,,,read,,,,1,0
10087892,All Things Shining: Reading the Western Classics to Find Meaning in a Secular Age,Hubert L. Dreyfus,"Dreyfus, Hubert L.",Sean Dorrance Kelly,"=""1439101701""","=""9781439101704""",4,3.74,Free Press,Kindle Edition,272,2011,2010,2024/02/01,2024/02/18,,,read,,,,1,0
62039306,I Feel Love: MDMA and the Quest for Connection in a Fractured World,Rachel Nuwer,"Nuwer, Rachel",,"=""1635579570""","=""9781635579574""",4,4.45,Bloomsbury Publishing,Hardcover,384,2023,,2024/01/01,2024/01/26,,,read,,,,1,0
1120137,The Number Sense: How the Mind Creates Mathematics,Stanislas Dehaene,"Dehaene, Stanislas",,"=""0195132408""","=""9780195132403""",4,4.02,Oxford University Press,Paperback,288,1999,1996,2024/02/01,2024/02/02,,,read,,,,1,0
8501169,The Solitary Self: Darwin and the Selfish Gene,Mary Midgley,"Midgley, Mary",,"=""184465253X""","=""9781844652532""",4,3.82,Routledge,Paperback,160,2010,2010,2024/01/01,2024/01/18,,,read,,,,1,0
211009,Sense and Non-Sense,Maurice Merleau-Ponty,"Merleau-Ponty, Maurice",Patricia Allen Dreyfus,"=""0810101661""","=""9780810101661""",4,4.00,Northwestern University Press,Paperback,222,1964,1948,2024/01/01,2024/01/19,,,read,,,,1,0
203356,The World of Perception,Maurice Merleau-Ponty,"Merleau-Ponty, Maurice","Oliver Davis, Stéphanie Ménasé, Thomas Baldwin","=""041531271X""","=""9780415312714""",5,3.98,Routledge,Hardcover,125,2004,2002,2024/01/01,2024/01/13,,,read,,,,1,0
23368329,Interdependence: Biology and Beyond (Meaning Systems),Kriti  Sharma,"Sharma, Kriti",,"=""0823265536""","=""9780823265534""",5,4.02,Fordham University Press,Paperback,144,2015,2015,2024/01/01,2024/01/13,,,read,,,,1,0
15694,The First Man,Albert Camus,"Camus, Albert",David Hapgood,"=""0783816014""","=""9780783816012""",3,3.97,G K Hall & Co,Hardcover,359,1996,1994,2024/01/01,2024/01/12,,,read,,,,1,0
16065661,The Divine Within: Selected Writings on Enlightenment,Aldous Huxley,"Huxley, Aldous",Huston Smith,"=""0062236830""","=""9780062236838""",3,4.13,Harper Perennial,Kindle Edition,256,2013,2013,2024/01/01,2024/01/10,,,read,,,,1,0
51291,How to Lie with Statistics,Darrell Huff,"Huff, Darrell",Irving Geis,"=""0393310728""","=""9780393310726""",4,3.84,W. W. Norton & Company,Paperback,142,1982,1954,2024/01/01,2024/01/10,,,read,,,,1,0
53337,Where Mathematics Come From: How the Embodied Mind Brings Mathematics into Being,George Lakoff,"Lakoff, George",Rafael Núñez,"=""0465037712""","=""9780465037711""",5,3.97,Basic Books,Paperback,511,2001,2000,2024/01/01,2024/01/10,,,read,,,,1,0
17290707,"The Nazi and the Psychiatrist: Hermann Göring, Dr. Douglas M. Kelley, and a Fatal Meeting of Minds at the End of WWII",Jack El-Hai,"El-Hai, Jack",,"=""161039156X""","=""9781610391566""",4,3.62,PublicAffairs,Hardcover,304,2013,2013,2024/01/01,2024/01/06,,,read,,,,1,0
62008110,In a Flight of Starlings: The Wonder of Complex Systems,Giorgio Parisi,"Parisi, Giorgio",,"=""0241587484""","=""9780241587485""",5,3.44,Allen Lane,Hardcover,144,2023,2021,2023/12/01,2023/12/29,,,read,,,,1,0
27213168,I Contain Multitudes: The Microbes Within Us and a Grander View of Life,Ed Yong,"Yong, Ed",,"=""0062368591""","=""9780062368591""",4,4.18,Ecco,Hardcover,368,2016,2016,2023/12/01,2023/12/27,,,read,,,,1,0
43309159,"Together: Why Social Connection Holds the Key to Better Health, Higher Performance, and Greater Happiness",Vivek H. Murthy,"Murthy, Vivek H.",,"=""006291331X""","=""9780062913319""",4,4.24,Harper Wave,ebook,352,2020,2020,2023/12/01,2023/12/25,,,read,,,,1,0
485894,The Metamorphosis,Franz Kafka,"Kafka, Franz",Stanley Corngold,"=""""","=""""",5,3.88,Bantam Classics,Paperback,201,1972,1915,2023/12/01,2023/12/23,,,read,,,,1,0
91950,The Myth of Sisyphus,Albert Camus,"Camus, Albert",Justin Obrien,"=""0141182008""","=""9780141182001""",4,4.18,Penguin Classics,Paperback,192,2013,1942,2023/12/01,2023/12/19,,,read,,,,1,0
126061,The Double Helix,James D. Watson,"Watson, James D.",,"=""0451037707""","=""9780451037701""",4,3.84,Signet Books,Paperback,143,1969,1968,2023/12/01,2023/12/17,,,read,,,,1,0
22859660,Scientific Babel: How Science Was Done Before and After Global English,Michael D. Gordin,"Gordin, Michael D.",,"=""022600029X""","=""9780226000299""",4,4.04,University of Chicago Press,Hardcover,424,2015,2015,2023/12/01,2023/12/17,,,read,,,,1,0
175141,The Courage to Be,Paul Tillich,"Tillich, Paul",,"=""0300084714""","=""9780300084719""",4,4.09,Yale University Press,Paperback,200,2000,1952,2023/12/01,2023/12/15,,,read,,,,1,0
6181,If This Is a Man • The Truce,Primo Levi,"Levi, Primo","Stuart J. Woolf, Paul Bailey","=""0349100136""","=""9780349100135""",5,4.54,Abacus,Paperback,398,1987,1987,2023/12/01,2023/12/15,,,read,,,,1,0
33928,Full House: The Spread of Excellence from Plato to Darwin,Stephen Jay Gould,"Gould, Stephen Jay",,"=""0609801406""","=""9780609801406""",4,3.96,Three Rivers Press,Paperback,244,1997,1996,2023/11/01,2023/11/28,,,read,,,,1,0
6342995,The Score Takes Care of Itself: My Philosophy of Leadership,Bill   Walsh,"Walsh, Bill","Steve Jamison, Craig Walsh","=""1591842662""","=""9781591842668""",4,4.22,Portfolio,Hardcover,288,2009,2009,2023/11/01,2023/11/25,,,read,,,,1,0
41795733,Range: Why Generalists Triumph in a Specialized World,David   Epstein,"Epstein, David",,"=""0735214484""","=""9780735214484""",4,4.14,Riverhead Books,Hardcover,352,2019,2019,2023/11/01,2023/11/25,,,read,,,,1,0
596076,Alone with Others: An Existential Approach to Buddhism (Grove Press Eastern Philosophy and Literature),Stephen Batchelor,"Batchelor, Stephen",John Blofeld,"=""0802151272""","=""9780802151278""",4,3.92,Grove Press,Paperback,144,1994,1983,2023/11/01,2023/11/11,,,read,,,,1,0
56271387,Pump: A Natural History of the Heart,Bill Schutt,"Schutt, Bill",Patricia J. Wynne,"=""1616208937""","=""9781616208936""",3,3.76,Algonquin Books,Hardcover,288,2021,2021,2023/11/01,2023/11/18,,,read,,,,1,0
37669395,Gridiron Genius: A Master Class in Winning Championships and Building Dynasties in the NFL,Michael  Lombardi,"Lombardi, Michael",,"=""0525573836""","=""9780525573838""",4,4.12,Crown,Kindle Edition,276,2018,2018,2023/11/01,2023/11/18,,,read,,,,1,0
1052184,Dynamics in Action: Intentional Behavior as a Complex System,Alicia Juarrero,"Juarrero, Alicia",,"=""0262600471""","=""9780262600477""",4,4.41,Bradford Books,Paperback,300,2002,1999,2023/11/01,2023/11/22,,,read,,,,1,0
294368,The Lives of a Cell: Notes of a Biology Watcher,Lewis Thomas,"Thomas, Lewis",,"=""0140047433""","=""9780140047431""",4,4.14,Penguin Books,Paperback,160,1978,1974,2023/11/01,2023/11/22,,,read,,,,1,0
1152288,Heraclitean Fire: Sketches from a Life Before Nature,Erwin Chargaff,"Chargaff, Erwin",,"=""0874700299""","=""9780874700299""",4,3.92,Rockefeller University Press,Hardcover,252,1978,1978,2023/11/01,2023/11/05,,,read,,,,1,0
15751404,"David and Goliath: Underdogs, Misfits, and the Art of Battling Giants",Malcolm Gladwell,"Gladwell, Malcolm",,"=""0316204366""","=""9780316204361""",4,3.97,"Little, Brown and Company",Hardcover,305,2013,2013,2023/11/01,2023/11/03,,,read,,,,1,0
14546,The Emperor of Scent: A True Story of Perfume and Obsession,Chandler Burr,"Burr, Chandler",,"=""0375759816""","=""9780375759819""",5,4.16,Random House Publishing Group,Paperback,352,2004,,2023/11/01,2023/11/07,,,read,,,,1,0
61129785,"Brain Energy: A Revolutionary Breakthrough in Understanding Mental Health—and Improving Treatment for Anxiety, Depression, OCD, PTSD, and More",Christopher M. Palmer,"Palmer, Christopher M.",,"=""1637741588""","=""9781637741580""",2,4.14,BenBella Books,Hardcover,320,2022,2022,2023/10/01,2023/10/28,,,read,,,,1,0
40940205,Tribe: On Homecoming and Belonging,Sebastian Junger,"Junger, Sebastian",,"=""""","=""""",4,4.02,Twelve,Kindle Edition,182,2016,2016,2023/10/01,2023/10/28,,,read,,,,1,0
31823677,"Tools of Titans: The Tactics, Routines, and Habits of Billionaires, Icons, and World-Class Performers",Timothy Ferriss,"Ferriss, Timothy",Arnold Schwarzenegger,"=""""","=""""",4,4.10,Houghton Mifflin Harcourt,Kindle Edition,827,2016,2016,2023/10/01,2023/10/24,,,read,,,,1,0
71730,Nonviolent Communication: A Language of Life,Marshall B. Rosenberg,"Rosenberg, Marshall B.",Arun Gandhi,"=""1892005034""","=""9781892005038""",4,4.34,Puddledancer Press,Paperback,220,2003,1999,2023/10/01,2023/10/19,,,read,,,,1,0
368593,The 4-Hour Workweek,Timothy Ferriss,"Ferriss, Timothy",,"=""0307353133""","=""9780307353139""",4,3.92,Harmony,ebook,308,2007,2007,2023/10/01,2023/10/18,,,read,,,,1,0
28676323,"The Tao of Seneca: Practical Letters from a Stoic Master, Volume 1",Timothy Ferriss,"Ferriss, Timothy",,"=""""","=""""",4,4.17,,Audible Audio,,,,2023/10/01,2023/10/06,,,read,,,,1,0
1371073,Linus Pauling: A Man and His Science,Anthony Serafini,"Serafini, Anthony",,"=""155778440X""","=""9781557784407""",4,3.47,Paragon House Publishers,Hardcover,310,1991,,2023/09/01,2023/09/12,,,read,,,,1,0
1174092,Ontology and Alterity in Merleau-Ponty (Studies in Phenomenology and Existential Philosophy),Galen A. Johnson,"Johnson, Galen A.",Michael B.     Smith,"=""0810108739""","=""9780810108738""",3,3.75,Northwestern University Press,Paperback,206,1990,1990,2023/09/01,2023/09/28,,,read,,,,1,0
2612,The Tipping Point: How Little Things Can Make a Big Difference,Malcolm Gladwell,"Gladwell, Malcolm",,"=""0316346624""","=""9780316346627""",4,4.01,Time Warner Book Group,Paperback,301,2002,2002,2023/10/01,2023/09/28,,,read,,,,1,0
1120114,Wider Than the Sky: The Phenomenal Gift of Consciousness,Gerald M. Edelman,"Edelman, Gerald M.",,"=""0300107617""","=""9780300107616""",4,3.66,Yale University Press,Paperback,224,2005,2004,2023/09/01,2023/09/28,,,read,,,,1,0
2888221,"The Concept of Nature: The Tarner Lectures Delivered in Trinity College, 11/1919",Alfred North Whitehead,"Whitehead, Alfred North",,"=""054871178X""","=""9780548711781""",4,3.77,Kessinger Publishing,Paperback,212,2007,1920,2023/09/01,2023/09/09,,,read,,,,1,0
50165174,Personal Writings,Albert Camus,"Camus, Albert",,"=""0525567216""","=""9780525567219""",4,4.18,Vintage,Paperback,224,2020,,2023/09/01,2023/09/09,,,read,,,,1,0
340199,A History of Psychiatry: From the Era of the Asylum to the Age of Prozac,Edward Shorter,"Shorter, Edward",,"=""0471245313""","=""9780471245315""",4,3.68,John Wiley & Sons,Paperback,448,1998,1996,2023/09/01,2023/09/08,,,read,,,,1,0
658129,The Panic of 1907: Lessons Learned from the Market's Perfect Storm,Robert F. Bruner,"Bruner, Robert F.",Sean D. Carr,"=""047015263X""","=""9780470152638""",4,3.87,John Wiley and Sons,Hardcover,280,2007,2007,2023/09/01,2023/09/08,,,read,,,,1,0
54232154,Feeling & Knowing: Making Minds Conscious,António Damásio,"Damásio, António",,"=""1524747556""","=""9781524747558""",4,3.59,Pantheon,Hardcover,256,2021,2021,2023/09/01,2023/09/08,,,read,,,,1,0
12080,Wittgenstein's Vienna,Allan Janik,"Janik, Allan",Stephen Edelston Toulmin,"=""1566631327""","=""9781566631327""",4,4.12,Ivan R. Dee,Paperback,315,1996,,2023/09/01,2023/09/05,,,read,,,,1,0
22329411,"Waking, Dreaming, Being: Self and Consciousness in Neuroscience, Meditation, and Philosophy",Evan Thompson,"Thompson, Evan",Stephen Batchelor,"=""0231137095""","=""9780231137096""",4,4.10,Columbia University Press,Hardcover,496,2014,2014,2023/08/01,2023/08/28,,,read,,,,1,0
762159,On Certainty,Ludwig Wittgenstein,"Wittgenstein, Ludwig","G.E.M. Anscombe, Denis Paul, G.H. Von Wright","=""0061316865""","=""9780061316869""",5,4.16,Harper & Row,Paperback,194,1972,1969,2023/08/01,2023/08/28,,,read,,,,1,0
40745,Mindset: The New Psychology of Success,Carol S. Dweck,"Dweck, Carol S.",,"=""""","=""""",4,4.10,Random House,Hardcover,276,2006,2006,2023/08/01,2023/08/27,,,read,,,,1,0
162370,"Looking for Spinoza: Joy, Sorrow, and the Feeling Brain",António Damásio,"Damásio, António",,"=""0156028719""","=""9780156028714""",3,3.95,Harvest,Paperback,368,2003,2001,2023/08/01,2023/08/24,,,read,,,,1,0
23316211,Experiences of Depression: A Study in Phenomenology (International Perspectives in Philosophy and Psychiatry),Matthew Ratcliffe,"Ratcliffe, Matthew",,"=""0199608970""","=""9780199608973""",4,4.31,Oxford University Press,Paperback,336,2015,2014,2023/08/01,2023/08/27,,,read,,,,1,0
8594535,"UC_Win Forever: Live, Work, and Play Like a Champion",Pete Carroll,"Carroll, Pete","Kristoffer Garin, Yogi Roth","=""1101437197""","=""9781101437193""",5,4.04,Portfolio,Kindle Edition,240,2010,2010,2023/08/01,2023/08/24,,,read,,,,1,0
14611893,"Experimental Phenomenology, Second Edition: Multistabilities",Don Ihde,"Ihde, Don",,"=""1438442866""","=""9781438442860""",4,4.00,State University of New York,Paperback,216,2012,2012,2023/07/01,2023/07/02,,,read,,,,1,0
1605646,Acts of Meaning,Jerome Bruner,"Bruner, Jerome",,"=""0674003616""","=""9780674003613""",3,4.07,Harvard University Press,Paperback,181,1990,1990,2023/06/01,2023/06/27,,,read,,,,1,0
51431,The Scientist as Rebel,Freeman Dyson,"Dyson, Freeman",,"=""1590172167""","=""9781590172162""",4,3.90,New York Review Books,Hardcover,400,2006,2006,2023/06/01,2023/06/27,,,read,,,,1,0
18693771,"The Body Keeps the Score: Brain, Mind, and Body in the Healing of Trauma",Bessel van der Kolk,"Kolk, Bessel van der",,"=""0670785938""","=""9780670785933""",4,4.38,Viking,Hardcover,464,2014,2014,2023/06/01,2023/06/13,,,read,,,,1,0
395718,"The End of Certainty: Time, Chaos, and the New Laws of Nature",Ilya Prigogine,"Prigogine, Ilya",,"=""0684837056""","=""9780684837055""",4,3.92,Free Press,Hardcover,240,1997,1996,2023/06/01,2023/06/21,,,read,,,,1,0
11991,The Fall,Albert Camus,"Camus, Albert",Justin O'Brien,"=""0679720227""","=""9780679720225""",4,4.04,Vintage Books,Paperback,147,1991,1956,2023/06/01,2023/06/21,,,read,,,,1,0
25213585,Madness in Civilization: The Cultural History of Insanity,Andrew Scull,"Scull, Andrew",,"=""0500252122""","=""9780500252123""",4,3.95,Thames & Hudson,Hardcover,448,2015,2015,2023/06/01,2023/06/12,,,read,,,,1,0
817530,Thought and Language,Lev Semyonovich Vygotsky,"Vygotsky, Lev Semyonovich",,"=""0262720108""","=""9780262720106""",4,4.24,MIT Press,Paperback,344,1986,1934,2023/06/01,2023/06/11,,,read,,,,1,0
1170509,The Absent Body (4),Drew Leder,"Leder, Drew",,"=""0226470008""","=""9780226470009""",4,4.37,University of Chicago Press,Paperback,229,1990,1990,2023/06/01,2023/05/21,,,read,,,,1,0
60321392,The Song of the Cell: An Exploration of Medicine and the New Human,Siddhartha Mukherjee,"Mukherjee, Siddhartha",,"=""1982117354""","=""9781982117351""",4,4.28,Scribner,Hardcover,473,2022,2022,2023/06/01,2023/06/07,,,read,,,,1,0
9827912,Incognito: The Secret Lives of the Brain,David Eagleman,"Eagleman, David",,"=""0307377334""","=""9780307377333""",3,4.08,Pantheon,Hardcover,290,2011,2011,2023/05/01,2023/05/29,,,read,,,,2,0
5553,Six Easy Pieces: Essentials of Physics Explained by Its Most Brilliant Teacher,Richard P. Feynman,"Feynman, Richard P.",Paul C.W. Davies,"=""0465023924""","=""9780465023929""",4,4.21,Basic Books,Paperback,138,1995,1994,2023/05/01,2023/05/16,,,read,,,,1,0
106732,The User Illusion: Cutting Consciousness Down to Size,Tor Nørretranders,"Nørretranders, Tor",Jonathan Sydenham,"=""0140230122""","=""9780140230123""",5,4.32,Penguin Books,Paperback,480,1999,1991,2023/05/01,2023/05/23,,,read,,,,1,0
36722978,The Disordered Mind: What Unusual Brains Tell Us About Ourselves,Eric R. Kandel,"Kandel, Eric R.",,"=""0374287864""","=""9780374287863""",3,4.12,"Farrar, Straus and Giroux",Hardcover,304,2018,2018,2023/05/01,2023/05/25,,,read,,,,1,0
4011562,Mental Patients in Town Life: Geel - Europe′s 1st Therapeutic Community (SAGE Library of Social Research),Eugeen Roosens,"Roosens, Eugeen",,"=""0803913303""","=""9780803913301""",4,4.00,"SAGE Publications, Inc",Hardcover,197,1979,1979,2023/05/01,2023/05/29,,,read,,,,1,0
812524,Mind Games: American Culture and the Birth of Psychotherapy (Medicine and Society) (Volume 9),Eric Caplan,"Caplan, Eric",,"=""0520229037""","=""9780520229037""",0,3.92,University of California Press,Paperback,246,2001,1998,,2023/05/19,to-read,to-read (#6),to-read,,,,0,0
357312,Cognition in the Wild (Bradford Books),Edwin Hutchins,"Hutchins, Edwin",,"=""0262581469""","=""9780262581462""",4,4.12,Bradford Books,Paperback,402,1996,1995,2023/05/01,2023/05/18,,,read,,,,1,0
43868109,Empire of Pain: The Secret History of the Sackler Dynasty,Patrick Radden Keefe,"Keefe, Patrick Radden",,"=""0385545681""","=""9780385545686""",5,4.54,Doubleday,Hardcover,535,2021,2021,2023/05/16,2022/09/20,,,read,,,,1,0
16093146,How Everyone Became Depressed: The Rise and Fall of the Nervous Breakdown,Edward Shorter,"Shorter, Edward",,"=""0199948089""","=""9780199948086""",4,3.36,Oxford University Press ,Hardcover,256,2012,2012,2023/05/01,2023/05/10,,,read,,,,1,0
6011219,Before Prozac: The Troubled History of Mood Disorders in Psychiatry,Edward Shorter,"Shorter, Edward",,"=""0195368746""","=""9780195368741""",5,3.81,Oxford University Press,Hardcover,304,2008,2008,2023/05/01,2023/05/14,,,read,,,,1,0
20668,The Trouble with Testosterone and Other Essays on the Biology of the Human Predicament,Robert M. Sapolsky,"Sapolsky, Robert M.",,"=""0684838915""","=""9780684838915""",5,4.19,Scribner,Paperback,288,1998,1997,2021/05/01,2022/09/20,,,read,,,,2,0
327,Why Zebras Don't Get Ulcers,Robert M. Sapolsky,"Sapolsky, Robert M.",,"=""0805073698""","=""9780805073690""",5,4.18,Holt Paperbacks,Paperback,560,2004,1993,2021/03/01,2022/09/20,,,read,,,,1,0
23719305,How Emotions Are Made: The Secret Life of the Brain,Lisa Feldman Barrett,"Barrett, Lisa Feldman",,"=""0544133315""","=""9780544133310""",5,4.10,Houghton Mifflin Harcourt,Hardcover,425,2017,2017,2021/05/01,2022/09/20,,,read,,,,1,0
1120112,"Bright Air, Brilliant Fire: On The Matter Of The Mind",Gerald M. Edelman,"Edelman, Gerald M.",,"=""0465007643""","=""9780465007646""",4,3.94,Basic Books,Paperback,304,1993,1992,2022/09/01,2022/09/20,,,read,,,,1,0
28116739,Other Minds,Peter Godfrey-Smith,"Godfrey-Smith, Peter",,"=""0374227764""","=""9780374227760""",4,3.88,"Farrar, Straus and Giroux",Hardcover,257,2016,2016,2022/09/01,2022/09/20,,,read,,,,1,0
7170627,The Emperor of All Maladies: A Biography of Cancer,Siddhartha Mukherjee,"Mukherjee, Siddhartha",,"=""""","=""""",5,4.34,Scribner,Hardcover,571,2010,2010,2022/01/01,2022/09/20,,,read,,,,1,0
25409816,The Laws of Medicine: Field Notes from an Uncertain Science (TED Books),Siddhartha Mukherjee,"Mukherjee, Siddhartha",,"=""1476784841""","=""9781476784847""",4,4.06,Simon & Schuster/ TED,Hardcover,70,2015,2015,2022/03/01,2022/09/20,,,read,,,,1,0
13259270,Free Will,Sam Harris,"Harris, Sam",,"=""1451683405""","=""9781451683400""",3,3.86,Free Press,Paperback,96,2012,2012,2022/09/01,2022/09/20,,,read,,,,1,0
35696171,"Enlightenment Now: The Case for Reason, Science, Humanism, and Progress",Steven Pinker,"Pinker, Steven",,"=""0525427570""","=""9780525427575""",4,4.20,Viking,Hardcover,576,2018,2018,2022/03/01,2022/09/20,,,read,,,,1,0
61535,The Selfish Gene,Richard Dawkins,"Dawkins, Richard",,"=""0199291152""","=""9780199291151""",4,4.16,Oxford University Press,Paperback,360,2006,1976,2022/07/01,2022/09/20,,,read,,,,1,0
34667,The Man with a Shattered World: The History of a Brain Wound,Alexander R. Luria,"Luria, Alexander R.","Oliver Sacks, Lynn Solotaroff","=""0674546253""","=""9780674546257""",4,4.09,Harvard University Press,Paperback,187,1987,1971,2022/09/01,2022/09/20,,,read,,,,1,0
49455,Notes from Underground,Fyodor Dostoevsky,"Dostoevsky, Fyodor","Richard Pevear, Larissa Volokhonsky, Donald Fanger","=""067973452X""","=""9780679734529""",5,4.17,Vintage Classics,Paperback,136,1994,1864,2022/09/01,2022/09/20,,,read,,,,1,0
3228917,Outliers: The Story of Success,Malcolm Gladwell,"Gladwell, Malcolm",,"=""0316017922""","=""9780316017923""",4,4.19,"Little, Brown and Company",Hardcover,309,2008,2008,2022/09/01,2022/09/20,,,read,,,,1,0
11468377,"Thinking, Fast and Slow",Daniel Kahneman,"Kahneman, Daniel",,"=""0374275637""","=""9780374275631""",5,4.17,"Farrar, Straus and Giroux",Hardcover,499,2011,2011,2022/09/01,2022/09/20,,,read,,,,1,0
13587129,Regenesis: How Synthetic Biology Will Reinvent Nature and Ourselves,George M. Church,"Church, George M.",Ed Regis,"=""0465021751""","=""9780465021758""",4,3.79,Basic Books,Hardcover,304,2012,2012,2022/09/01,2022/09/20,,,read,,,,1,0
35167685,"""Surely You're Joking, Mr. Feynman!"": Adventures of a Curious Character",Richard P. Feynman,"Feynman, Richard P.",,"=""0393355624""","=""9780393355628""",5,4.27,W. W. Norton & Company,Paperback,400,2018,1985,2022/09/01,2022/09/20,,,read,,,,1,0
629,"Zen and the Art of Motorcycle Maintenance: An Inquiry Into Values (Phaedrus, #1)",Robert M. Pirsig,"Pirsig, Robert M.",,"=""0060589469""","=""9780060589462""",5,3.78,HarperTorch,Mass Market Paperback,540,2006,1974,2022/09/01,2022/09/20,,,read,,,,1,0
4069,Man’s Search for Meaning,Viktor E. Frankl,"Frankl, Viktor E.","Harold S. Kushner, William J. Winslade, Isle Lasch","=""080701429X""","=""9780807014295""",5,4.37,Beacon Press,Paperback,165,2006,1946,2022/09/01,2022/09/20,,,read,,,,1,0
414167,Fasting Girls: The History of Anorexia Nervosa,Joan Jacobs Brumberg,"Brumberg, Joan Jacobs",,"=""0375724486""","=""9780375724480""",4,3.80,Vintage,Paperback,400,2000,1988,2022/09/01,2022/09/20,,,read,,,,1,0
76296,The Golden Cage: The Enigma of Anorexia Nervosa,Hilde Bruch,"Bruch, Hilde",,"=""0674005848""","=""9780674005846""",4,3.69,Harvard University Press,Paperback,176,2001,1978,2022/09/01,2022/09/20,,,read,,,,1,0
57086756,Body Schema and Body Image: New Directions,Yochai Ataria,"Ataria, Yochai","Shogo Tanaka, Shaun Gallagher","=""0198851723""","=""9780198851721""",5,4.67,Oxford University Press,Hardcover,384,2021,,2022/09/01,2022/09/20,,,read,,,,1,0
66720,Migraine,Oliver Sacks,"Sacks, Oliver",,"=""037570406X""","=""9780375704062""",4,3.78,Vintage,Paperback,338,1992,1970,2022/09/01,2022/09/20,,,read,,,,1,0
35523766,Zombies in Western Culture: A Twenty-First Century Crisis,John Vervaeke,"Vervaeke, John","Christopher Mastropietro, Filip Miscevic","=""""","=""""",4,4.11,OpenBook,Paperback,104,2017,,2022/09/01,2022/09/20,,,read,,,,1,0
56883406,A Hunter-Gatherer's Guide to the 21st Century: Evolution and the Challenges of Modern Life,Heather E. Heying,"Heying, Heather E.",Bret Weinstein,"=""0593086899""","=""9780593086896""",4,3.77,Portfolio / Penguin,ebook,320,2021,2021,2021/08/01,2022/09/20,,,read,,,,1,0
27491,The Evolution Of Desire: Strategies of Human Mating,David M. Buss,"Buss, David M.",,"=""046500802X""","=""9780465008025""",4,4.16,Basic Books,Paperback,354,2003,1994,2022/09/01,2022/09/20,,,read,,,,1,0
4487598,The Bonobo and the Atheist: In Search of Humanism Among the Primates,Frans de Waal,"Waal, Frans de",Jonathan        Davis,"=""0393073777""","=""9780393073775""",4,4.15,W. W. Norton & Company,Hardcover,289,2013,2013,2022/09/01,2022/09/20,,,read,,,,1,0
103867,"Descartes' Error: Emotion, Reason and the Human Brain",António Damásio,"Damásio, António",,"=""014303622X""","=""9780143036227""",3,3.95,Penguin Books Ltd,Paperback,336,2005,1994,2022/09/01,2022/09/20,,,read,,,,1,0
428157,The Mind of a Mnemonist,Alexander R. Luria,"Luria, Alexander R.",Jerome Bruner,"=""0674576225""","=""9780674576223""",4,4.04,Harvard University Press,Paperback,192,1987,1965,2022/09/01,2022/09/20,,,read,,,,1,0
38728977,"The Molecule of More: How a Single Chemical in Your Brain Drives Love, Sex, and Creativity—and Will Determine the Fate of the Human Race",Daniel Z. Lieberman,"Lieberman, Daniel Z.",Michael E. Long,"=""1946885118""","=""9781946885111""",5,4.15,BenBella Books,Hardcover,240,2018,2018,2021/03/01,2022/09/20,,,read,,,,1,0
55723020,Dopamine Nation: Finding Balance in the Age of Indulgence,Anna Lembke,"Lembke, Anna",,"=""1524746738""","=""9781524746735""",4,3.91,Dutton Books,ebook,304,2021,2021,2022/09/01,2022/09/20,,,read,,,,1,0
34459,Metaphors We Live By,George Lakoff,"Lakoff, George",Mark Johnson,"=""0226468011""","=""9780226468013""",5,4.10,University of Chicago Press,Paperback,276,2003,1980,2022/09/01,2022/09/20,,,read,,,,1,0
10260,The Pleasure of Finding Things Out: The Best Short Works of Richard P. Feynman,Richard P. Feynman,"Feynman, Richard P.","Jeffrey Robbins, Freeman Dyson","=""""","=""""",4,4.23,Basic Books,Paperback,270,2005,1999,2023/03/01,2022/09/20,to-read,to-read (#3),to-read,,,,1,0
4806,Longitude: The True Story of a Lone Genius Who Solved the Greatest Scientific Problem of His Time,Dava Sobel,"Sobel, Dava",Neil Armstrong,"=""0802714625""","=""9780802714626""",4,3.98,Walker Books,Hardcover,184,2005,1995,2022/09/01,2022/09/20,,,read,,,,1,0
38525523,"Storm Lake: A Chronicle of Change, Resilience, and Hope from a Heartland Newspaper",Art Cullen,"Cullen, Art",,"=""052555887X""","=""9780525558873""",3,4.08,Viking,Hardcover,336,2018,2018,2022/09/01,2022/09/20,,,read,,,,1,0
28862,The Prince,Niccolò Machiavelli,"Machiavelli, Niccolò","Rufus Goodwin, Benjamin Martinez, W.K. Marriott, Denis Daly, Μαρία Κασωτάκη","=""0937832383""","=""9780937832387""",3,3.84,Dante University Press,Paperback,144,2014,1513,2022/09/01,2022/09/20,,,read,,,,1,0
57196561,The Next 500 Years: Engineering Life to Reach New Worlds,Christopher E. Mason,"Mason, Christopher E.",,"=""""","=""""",4,4.03,The MIT Press,Hardcover,268,2021,,2022/09/01,2022/09/20,,,read,,,,1,0
49207255,Why We Get Sick: The Hidden Epidemic at the Root of Most Chronic Disease―and How to Fight It,Benjamin Bikman,"Bikman, Benjamin",Jason Fung,"=""1950665178""","=""9781950665174""",4,4.12,BenBella Books,Kindle Edition,280,2020,2020,2022/01/01,2022/09/21,,,read,,,,1,0
56614591,Trauma: The Invisible Epidemic,Paul Conti,"Conti, Paul",Lady Gaga,"=""1683647351""","=""9781683647355""",4,3.74,Sounds True Adult,Paperback,200,2021,2021,2022/09/01,2022/09/21,,,read,,,,1,0
34272471,"Altered Traits: Science Reveals How Meditation Changes Your Mind, Brain, and Body",Daniel Goleman,"Goleman, Daniel",Richard J. Davidson,"=""0399184384""","=""9780399184383""",4,3.91,Avery,Hardcover,336,2017,2017,2022/09/01,2022/09/21,,,read,,,,1,0
38254618,Everything Flows: Towards a Processual Philosophy of Biology,Daniel J. Nicholson,"Nicholson, Daniel J.",John Dupré,"=""0198779631""","=""9780198779636""",5,4.02,Oxford University Press,Hardcover,404,2018,,2022/09/01,2022/09/24,,,read,,,,1,0
22545857,The Worm at the Core: On the Role of Death in Life,Sheldon Solomon,"Solomon, Sheldon","Jeff Greenberg, Tom Pyszczynski","=""1400067472""","=""9781400067473""",4,4.12,Random House,Hardcover,274,2015,2015,2022/09/01,2022/09/28,,,read,,,,1,0
646175,Modern Man in Search of a Soul,C.G. Jung,"Jung, C.G.","W.S. Dell, Cary F. Baynes","=""0156612062""","=""9780156612067""",4,4.20,Harcourt ,Paperback,244,1955,1931,2022/10/01,2022/10/03,,,read,,,,1,0
129503,The Origins and History of Consciousness,Erich Neumann,"Neumann, Erich","C.G. Jung, R.F.C. Hull","=""0691017611""","=""9780691017617""",0,4.34,Princeton University Press,Paperback,493,1970,1949,2022/10/01,2022/10/03,to-read,to-read (#4),to-read,,,,1,0
174879,On Becoming a Person: A Therapist's View of Psychotherapy,Carl R. Rogers,"Rogers, Carl R.",Peter D.    Kramer,"=""039575531X""","=""9780395755310""",4,4.16,Mariner Books,Paperback,420,1995,1961,2022/10/01,2022/10/09,,,read,,,,1,0
345768,Holy Feast and Holy Fast: The Religious Significance of Food to Medieval Women,Caroline Walker Bynum,"Bynum, Caroline Walker",,"=""0520063295""","=""9780520063297""",4,4.19,University of California Press,Paperback,499,1988,1987,2022/10/01,2022/10/09,,,read,,,,1,0
137908,The Psychology of the Child,Jean Piaget,"Piaget, Jean",Barbel Inhelder,"=""0465095003""","=""9780465095001""",4,3.87,Basic Books,Paperback,192,1972,1950,2022/10/01,2022/10/16,,,read,,,,1,0
12502722,Memoirs of an Addicted Brain: A Neuroscientist Examines his Former Life on Drugs,Marc  Lewis,"Lewis, Marc",,"=""0385669259""","=""9780385669252""",5,4.04,Doubleday Canada,Hardcover,320,2011,2011,2022/10/01,2022/10/18,,,read,,,,1,0
2761,The Denial of Death,Ernest Becker,"Becker, Ernest",Sam Keen,"=""""","=""""",4,4.07,Free Press,Paperback,336,1997,1973,2022/10/01,2022/10/19,,,read,,,,1,0
162759,The Birth and Death of Meaning: An Interdisciplinary Perspective on the Problem of Man,Ernest Becker,"Becker, Ernest",,"=""0029021901""","=""9780029021903""",0,4.35,Free Press,Paperback,228,1971,1962,2022/10/01,2022/10/19,to-read,to-read (#5),to-read,,,,1,0
80050,A Leg to Stand On,Oliver Sacks,"Sacks, Oliver",,"=""0684853957""","=""9780684853956""",5,3.79,Touchstone,Paperback,224,1998,1984,2022/10/01,2022/10/20,,,read,,,,1,0
31554,A Brief Tour of Human Consciousness: From Impostor Poodles to Purple Numbers,V.S. Ramachandran,"Ramachandran, V.S.",,"=""0131872788""","=""9780131872783""",4,4.01,Plume,Paperback,208,2005,2003,2022/10/01,2022/10/20,,,read,,,,1,0
7937653,The Mind's Eye,Oliver Sacks,"Sacks, Oliver",,"=""033050889X""","=""9780330508896""",4,3.93,Picador USA,Hardcover,263,2010,2010,2022/10/01,2022/10/22,,,read,,,,1,0
27161964,Gratitude,Oliver Sacks,"Sacks, Oliver",,"=""0345811364""","=""9780345811363""",4,4.18,Knopf Canada,Hardcover,49,2015,2015,2022/11/01,2022/11/08,,,read,,,,1,0
37214,Mindblindness: An Essay on Autism and Theory of Mind,Simon Baron-Cohen,"Baron-Cohen, Simon","Leda Cosmides, John Tooby","=""026252225X""","=""9780262522250""",3,3.80,Bradford Book,Paperback,198,1997,1995,2022/11/01,2022/11/08,,,read,,,,1,0
361459,An Unquiet Mind: A Memoir of Moods and Madness,Kay Redfield Jamison,"Jamison, Kay Redfield",,"=""0679763309""","=""9780679763307""",4,4.06,Vintage,Paperback,240,1997,1995,2022/11/01,2022/11/12,,,read,,,,1,0
5131,The Perennial Philosophy,Aldous Huxley,"Huxley, Aldous",,"=""006057058X""","=""9780060570583""",4,4.12,Harper Perennial Modern Classics,Paperback,336,2004,1945,2022/12/01,2022/12/04,,,read,,,,1,0
18279,Phenomenology of Perception,Maurice Merleau-Ponty,"Merleau-Ponty, Maurice",Colin Smith,"=""0415278414""","=""9780415278416""",5,4.17,Routledge,Paperback,544,2005,1945,2022/12/01,2022/12/04,,,read,,,,1,0
30211747,Phenomenology of Illness,Havi Carel,"Carel, Havi",,"=""0199669651""","=""9780199669653""",4,3.96,Oxford University Press,Hardcover,248,2016,2016,2022/12/01,2022/12/04,,,read,,,,1,0
37971858,Good Reasons for Bad Feelings: Insights from the Frontier of Evolutionary Psychiatry,Randolph M. Nesse,"Nesse, Randolph M.",,"=""1101985666""","=""9781101985663""",4,3.97,Dutton,Hardcover,384,2019,2019,2022/12/01,2022/12/04,,,read,,,,1,0
243436,The Embodied Mind: Cognitive Science and Human Experience,Francisco J. Varela,"Varela, Francisco J.","Evan Thompson, Eleanor Rosch","=""0262720213""","=""9780262720212""",4,4.14,The MIT Press,Paperback,328,1992,1991,2022/12/01,2022/12/07,,,read,,,,1,0
64284,Heaven and Hell,Aldous Huxley,"Huxley, Aldous",,"=""0060802197""","=""9780060802196""",4,3.52,Harper Collins,Paperback,80,1956,1956,2022/12/01,2022/12/22,,,read,,,,1,0
8423939,The Archaeology of Mind: Neuroevolutionary Origins of Human Emotions,Jaak Panksepp,"Panksepp, Jaak",Lucy Biven,"=""0393705315""","=""9780393705317""",4,4.44,W. W. Norton & Company,Hardcover,592,2012,2010,2022/12/01,2022/12/22,,,read,,,,1,0
16248231,"Saving Normal: An Insider's Revolt Against Out-Of-Control Psychiatric Diagnosis, DSM-5, Big Pharma, and the Medicalization of Ordinary Life",Allen Frances,"Frances, Allen",,"=""0062229257""","=""9780062229250""",4,3.86,Mariner Books,Hardcover,336,2013,2013,2022/12/01,2022/12/22,,,read,,,,1,0
93258,Clock Without Hands,Carson McCullers,"McCullers, Carson",,"=""0395929733""","=""9780395929735""",4,3.88,Mariner Books Classics,Paperback,256,1998,1961,2022/12/01,2022/12/22,,,read,,,,1,0
34128230,The River of Consciousness,Oliver Sacks,"Sacks, Oliver",,"=""0385352565""","=""9780385352567""",4,3.95,Knopf,Hardcover,256,2017,2017,2022/12/01,2023/01/03,,,read,,,,1,0
66723,Seeing Voices,Oliver Sacks,"Sacks, Oliver",,"=""0375704078""","=""9780375704079""",3,4.06,Vintage,Paperback,222,2000,1989,2022/12/01,2023/01/03,,,read,,,,1,0
305606,The Island of the Colorblind,Oliver Sacks,"Sacks, Oliver",,"=""0375700730""","=""9780375700736""",4,3.88,Vintage,Paperback,311,1998,1997,2022/12/01,2023/01/03,,,read,,,,1,0
326790,The Society of Mind,Marvin Minsky,"Minsky, Marvin",,"=""0671657135""","=""9780671657130""",4,4.04,Simon & Schuster,Paperback,336,1988,1985,2023/02/01,2023/02/10,,,read,,,,1,0
18114051,Extreme Medicine: How Exploration Transformed Medicine in the Twentieth Century,Kevin Fong,"Fong, Kevin",,"=""1594204705""","=""9781594204708""",5,3.91,Penguin Press,Hardcover,304,2014,2014,2023/01/01,2023/01/03,,,read,,,,1,0
7799980,Endocrine Psychiatry: Solving the Riddle of Melancholia,Edward Shorter,"Shorter, Edward",Max Fink,"=""0199737460""","=""9780199737468""",5,4.00,Oxford University Press,Hardcover,208,2010,2010,2023/01/01,2023/01/10,,,read,,,,1,0
789698,Listening to Prozac,Peter D.    Kramer,"Kramer, Peter D.",,"=""0140266712""","=""9780140266719""",3,3.68,Penguin Books,Paperback,480,1997,1993,2023/01/01,2023/01/10,,,read,,,,1,0
41089239,Everything in Its Place: First Loves and Last Tales,Oliver Sacks,"Sacks, Oliver",,"=""0345811380""","=""9780345811387""",5,4.14,Knopf Random House,Hardcover,288,2019,2019,2023/01/01,2023/01/22,,,read,,,,1,0
296677,How the Body Shapes the Mind,Shaun Gallagher,"Gallagher, Shaun",,"=""0199204160""","=""9780199204168""",5,4.28,Clarendon Press,Paperback,284,2006,2005,2023/01/01,2023/01/22,,,read,,,,1,0
16245,Three Case Histories,Sigmund Freud,"Freud, Sigmund",,"=""0684829452""","=""9780684829456""",3,3.91,Touchstone,Paperback,282,1996,1963,2023/02/01,2023/02/05,,,read,,,,1,0
174876,A Way of Being,Carl R. Rogers,"Rogers, Carl R.",Irvin D. Yalom,"=""0395755301""","=""9780395755303""",5,4.23,Mariner Books,Paperback,395,1995,1980,2023/02/01,2023/02/05,,,read,,,,1,0
2605367,From Paralysis to Fatigue: A History of Psychosomatic Illness in the Modern Era,Edward Shorter,"Shorter, Edward",,"=""0029286654""","=""9780029286654""",4,3.96,Free Press,Hardcover,419,1992,1991,2023/02/01,2023/02/10,,,read,,,,1,0
61439040,1984,George Orwell,"Orwell, George",Thomas Pynchon,"=""0452284236""","=""9780452284234""",5,4.19,Plume,Paperback,368,2022,1949,2023/02/01,2023/02/24,,,read,,,,1,0
45894068,Mama's Last Hug: Animal Emotions and What They Tell Us about Ourselves,Frans de Waal,"Waal, Frans de",,"=""039335783X""","=""9780393357837""",4,4.20,W. W. Norton & Company,Paperback,352,2020,2019,2023/02/01,2023/02/24,,,read,,,,1,0
185897,How Doctors Think,Jerome Groopman,"Groopman, Jerome",,"=""0618610030""","=""9780618610037""",4,3.93,Houghton Mifflin Company,Hardcover,307,2007,2007,2023/02/01,2023/02/24,,,read,,,,1,0
4075,In Search of Memory: The Emergence of a New Science of Mind,Eric R. Kandel,"Kandel, Eric R.",,"=""""","=""""",4,4.13,W. W. Norton & Company,Hardcover,430,2006,2006,2023/02/01,2023/02/24,,,read,,,,1,0
4477,Complications: A Surgeon's Notes on an Imperfect Science,Atul Gawande,"Gawande, Atul",,"=""0312421702""","=""9780312421700""",4,4.28,Metropolitan Books,Paperback,270,2003,2013,2023/03/01,2023/03/30,,,read,,,,1,0
376457,The Organism,Kurt Goldstein,"Goldstein, Kurt",,"=""0942299973""","=""9780942299977""",5,3.78,Zone Books,Paperback,424,2000,1939,2023/03/01,2023/03/30,,,read,,,,1,0
49552,The Stranger,Albert Camus,"Camus, Albert",Matthew  Ward,"=""""","=""""",5,4.03,Vintage International,Paperback,123,1989,1942,2023/03/01,2023/03/30,,,read,,,,1,0
20696006,Being Mortal: Medicine and What Matters in the End,Atul Gawande,"Gawande, Atul",,"=""0805095152""","=""9780805095159""",4,4.49,Metropolitan Books,Hardcover,282,2014,2014,2023/03/01,2023/03/30,,,read,,,,1,0
22623,Existentialism and Human Emotions,Jean-Paul Sartre,"Sartre, Jean-Paul",,"=""0806509023""","=""9780806509020""",3,3.82,Citadel Press,Paperback,96,1994,1957,2023/03/01,2023/03/30,,,read,,,,1,0
36434,Touched with Fire: Manic-Depressive Illness and the Artistic Temperament,Kay Redfield Jamison,"Jamison, Kay Redfield",,"=""068483183X""","=""9780684831831""",4,4.03,Free Press,Paperback,384,1996,1993,2023/03/01,2023/03/30,,,read,,,,1,0
17375,The Meaning of It All: Thoughts of a Citizen-Scientist,Richard P. Feynman,"Feynman, Richard P.",,"=""0465023940""","=""9780465023943""",4,3.99,Basic Books,Paperback,144,2005,1998,2023/03/01,2023/03/30,,,read,,,,1,0
298275,Nausea,Jean-Paul Sartre,"Sartre, Jean-Paul","Lloyd Alexander, Hayden Carruth","=""0811201880""","=""9780811201889""",3,3.94,New Directions,Hardcover,178,1969,1938,2023/04/01,2023/04/13,,,read,,,,1,0
213233,Better: A Surgeon's Notes on Performance,Atul Gawande,"Gawande, Atul",,"=""0805082115""","=""9780805082111""",5,4.25,Metropolitan Books,Hardcover,288,2007,2007,2023/04/01,2023/04/13,,,read,,,,1,0
203348,The Visible and the Invisible (Studies in Phenomenology and Existential Philosophy),Maurice Merleau-Ponty,"Merleau-Ponty, Maurice","Alphonso Lingis, Claude Lefort","=""0810104571""","=""9780810104570""",5,4.36,Northwestern University Press,Paperback,282,1968,1964,2023/04/01,2023/04/19,,,read,,,,1,0
37541975,Ecology of the Brain: The phenomenology and biology of the embodied mind (International Perspectives In Philosophy & Psychiatry),Thomas Fuchs,"Fuchs, Thomas",,"=""0191078379""","=""9780191078378""",5,4.56,OUP Oxford,Kindle Edition,356,2017,,2023/04/01,2023/04/19,,,read,,,,1,0
125974,Purity of Heart is to Will One Thing: Spiritual Preparation for the Office of Confession,Søren Kierkegaard,"Kierkegaard, Søren",Douglas V. Steere,"=""0061300047""","=""9780061300042""",3,4.23,HarperOne,Paperback,220,2008,1846,2023/04/01,2023/04/26,,,read,,,,1,0
25899336,When Breath Becomes Air,Paul Kalanithi,"Kalanithi, Paul",Abraham   Verghese,"=""0812988418""","=""9780812988413""",4,4.40,Random House,Kindle Edition,208,2016,2016,2023/04/01,2023/04/26,,,read,,,,1,0
25129,The Ecological Approach to Visual Perception,James J. Gibson,"Gibson, James J.",,"=""0898599598""","=""9780898599596""",4,4.29,Routledge,Paperback,332,1986,1979,2023/05/01,2023/05/02,,,read,,,,1,0
34419296,Enactivist Interventions: Rethinking the Mind,Shaun Gallagher,"Gallagher, Shaun",,"=""0198794320""","=""9780198794325""",5,4.00,Oxford University Press,Hardcover,240,2017,,2023/05/01,2023/05/02,,,read,,,,1,0
1906839,Head Cases: Stories of Brain Injury and Its Aftermath,Michael Paul Mason,"Mason, Michael Paul",,"=""0374134529""","=""9780374134525""",5,3.95,"Farrar, Straus and Giroux",Hardcover,320,2008,2008,2023/05/01,2023/05/02,,,read,,,,1,0
570172,The Brain that Changes Itself: Stories of Personal Triumph from the Frontiers of Brain Science,Norman Doidge,"Doidge, Norman",,"=""067003830X""","=""9780670038305""",5,4.20,Viking,Hardcover,427,2007,2007,2023/05/01,2023/05/04,,,read,,,,1,0
142292,My Stroke of Insight: A Brain Scientist's Personal Journey,Jill Bolte Taylor,"Taylor, Jill Bolte",,"=""1430300612""","=""9781430300618""",4,3.91,Lulu.com,Paperback,181,2006,2006,2023/05/01,2023/05/09,,,read,,,,1,0
1055183,Shock Therapy: A History of Electroconvulsive Treatment in Mental Illness,Edward Shorter,"Shorter, Edward",David Healy,"=""0813541697""","=""9780813541693""",5,3.79,Rutgers University Press,Hardcover,398,2007,2007,2023/05/01,2023/05/09,,,read,,,,1,0
49845338,Beyond Good And Evil,Friedrich Nietzsche,"Nietzsche, Friedrich","Chris Chundamala, Friedrich Neitzsche","=""""","=""""",4,4.03,Snewd,Kindle Edition,158,2019,1886,2022/09/01,2022/09/27,,,read,,,,1,0
532944,Apprentice to Genius: The Making of a Scientific Dynasty,Robert Kanigel,"Kanigel, Robert",,"=""0801847575""","=""9780801847578""",5,4.18,Johns Hopkins University Press,Paperback,304,1993,,2022/01/01,2022/09/21,,,read,,,,1,0
5481,Brave New World Revisited,Aldous Huxley,"Huxley, Aldous",,"=""0060898526""","=""9780060898526""",4,3.94,Harper Perennial Modern Classics,Paperback,123,2006,1958,2022/01/01,2022/09/20,,,read,,,,1,0
48806799,"Fiber Fueled: The Plant-Based Gut Health Program for Losing Weight, Restoring Your Health, and Optimizing Your Microbiome",Will Bulsiewicz,"Bulsiewicz, Will",,"=""059308456X""","=""9780593084564""",3,4.04,Avery/Penguin Putnam,Hardcover,400,2020,2020,2021/01/01,2022/09/20,,,read,,,,2,0
35068819,Dirty Genes: A Breakthrough Program to Treat the Root Cause of Illness and Optimize Your Health,Ben Lynch,"Lynch, Ben",,"=""0062698206""","=""9780062698209""",2,4.07,HarperOne,ebook,384,2018,2018,2021/01/01,2022/09/20,,,read,,,,2,0
55411738,Projections: A Story of Human Emotions,Karl Deisseroth,"Deisseroth, Karl",,"=""1984853694""","=""9781984853691""",5,4.01,Random House,Hardcover,256,2021,2021,2021/01/01,2022/09/20,,,read,,,,1,0
13589182,Mastery,Robert Greene,"Greene, Robert",,"=""0670024961""","=""9780670024964""",4,4.26,Viking,Hardcover,318,2012,2012,2022/01/01,2022/09/20,,,read,,,,1,0
2218102,Maps of Meaning: The Architecture of Belief,Jordan B. Peterson,"Peterson, Jordan B.",,"=""0415922224""","=""9780415922227""",0,4.05,Routledge,Paperback,564,1999,1999,,2022/09/20,to-read,to-read (#2),to-read,,,,0,0
117047,The Blind Watchmaker: Why the Evidence of Evolution Reveals a Universe Without Design,Richard Dawkins,"Dawkins, Richard",,"=""0141026162""","=""9780141026169""",0,4.09,Penguin,Paperback,466,2006,1986,,2022/09/20,to-read,to-read (#1),to-read,,,,0,0
13033022,The Folly of Fools: The Logic of Deceit and Self-Deception in Human Life,Robert Trivers,"Trivers, Robert",,"=""""","=""""",4,3.63,Basic Books,Hardcover,397,2011,2011,2022/09/01,2022/09/20,,,read,,,,1,0
67891,The Undiscovered Self,C.G. Jung,"Jung, C.G.",R.F.C. Hull,"=""0451217322""","=""9780451217325""",4,4.14,Signet,Paperback,112,2006,1961,2022/09/01,2022/09/20,,,read,,,,1,0
61539,The Structure of Scientific Revolutions,Thomas S. Kuhn,"Kuhn, Thomas S.",,"=""0226458083""","=""9780226458083""",3,4.04,University of Chicago Press,Paperback,226,1996,1962,2022/01/01,2022/09/20,,,read,,,,1,0
623542,Holy Anorexia,Rudolph M. Bell,"Bell, Rudolph M.",,"=""0226042057""","=""9780226042053""",3,3.68,University of Chicago Press,Paperback,255,1987,1985,2022/01/01,2022/09/20,,,read,,,,1,0
35167718,"""What Do You Care What Other People Think?"": Further Adventures of a Curious Character",Richard P. Feynman,"Feynman, Richard P.",Ralph Leighton,"=""0393355640""","=""9780393355642""",5,4.19,W. W. Norton & Company,Paperback,288,2018,1988,2022/01/01,2022/09/20,,,read,,,,1,0
50355140,"Ravenous: Otto Warburg, the Nazis, and the Search for the Cancer-Diet Connection",Sam   Apple,"Apple, Sam",,"=""1631493159""","=""9781631493157""",4,4.32,Liveright,Hardcover,416,2021,2021,2022/01/01,2022/09/20,,,read,,,,1,0
41021145,The Botany of Desire: A Plant's-Eye View of the World,Michael Pollan,"Pollan, Michael",,"=""""","=""""",4,4.06,Random House,Kindle Edition,304,2018,2002,2021/01/01,2022/09/20,,,read,,,,1,0
56015023,This Is Your Mind on Plants,Michael Pollan,"Pollan, Michael",,"=""0593296907""","=""9780593296905""",4,3.87,Penguin Press,Hardcover,288,2021,2021,2021/01/01,2022/09/20,,,read,,,,1,0
63697,The Man Who Mistook His Wife for a Hat and Other Clinical Tales,Oliver Sacks,"Sacks, Oliver",,"=""""","=""""",5,4.05,Touchstone,Paperback,243,1998,1985,2021/01/01,2022/09/20,,,read,,,,1,0
1297985,Musicophilia: Tales of Music and the Brain,Oliver Sacks,"Sacks, Oliver",,"=""0676979785""","=""9780676979787""",4,3.95,Knopf Canada,Hardcover,400,2007,2007,2022/09/01,2022/09/20,,,read,,,,1,0
13330771,Hallucinations,Oliver Sacks,"Sacks, Oliver",,"=""0307957241""","=""9780307957245""",3,3.92,Knopf,Hardcover,326,2012,2012,2021/01/01,2022/09/20,,,read,,,,1,0
64666,An Anthropologist on Mars: Seven Paradoxical Tales,Oliver Sacks,"Sacks, Oliver",,"=""0330343475""","=""9780330343473""",5,4.15,Picador,Paperback,318,1995,1995,2022/01/01,2022/09/20,,,read,,,,1,0
14456,Awakenings,Oliver Sacks,"Sacks, Oliver",,"=""0375704051""","=""9780375704055""",4,4.09,Vintage,Paperback,464,1999,1973,2022/06/01,2022/09/20,,,read,,,,1,0
64664,Uncle Tungsten,Oliver Sacks,"Sacks, Oliver",,"=""0330390287""","=""9780330390286""",4,3.99,Picador,Paperback,337,2002,2001,2021/01/01,2022/09/20,,,read,,,,1,0
24972194,On the Move: A Life,Oliver Sacks,"Sacks, Oliver",,"=""0385352549""","=""9780385352543""",4,4.02,Knopf,Hardcover,397,2015,2015,2021/01/01,2022/09/20,,,read,,,,1,0
31555,Phantoms in the Brain: Probing the Mysteries of the Human Mind,V.S. Ramachandran,"Ramachandran, V.S.","Sandra Blakeslee, Oliver Sacks","=""0688172172""","=""9780688172176""",5,4.26,William Morrow Paperbacks,Paperback,352,1999,1998,2022/01/01,2022/09/20,,,read,,,,1,0
8574712,The Tell-Tale Brain: A Neuroscientist's Quest for What Makes Us Human,V.S. Ramachandran,"Ramachandran, V.S.",,"=""0393077829""","=""9780393077827""",5,4.15,W. W. Norton & Company,Hardcover,384,2011,2010,2022/01/01,2022/09/20,,,read,,,,1,0
55339408,Noise: A Flaw in Human Judgment,Daniel Kahneman,"Kahneman, Daniel","Olivier Sibony, Cass R. Sunstein","=""0316451401""","=""9780316451406""",3,3.66,"Little, Brown Spark",Hardcover,454,2021,2021,2022/01/01,2022/09/20,,,read,,,,1,0
6968772,The Master and His Emissary: The Divided Brain and the Making of the Western World,Iain McGilchrist,"McGilchrist, Iain",,"=""030014878X""","=""9780300148787""",5,4.35,Yale University Press,Hardcover,608,2009,2009,2022/07/01,2022/09/20,,,read,,,,1,0
27276428,The Gene: An Intimate History,Siddhartha Mukherjee,"Mukherjee, Siddhartha",,"=""""","=""""",5,4.36,Scribner,Hardcover,592,2016,2016,2022/03/01,2022/09/20,,,read,,,,1,0
20671,Monkeyluv: And Other Essays on Our Lives as Animals,Robert M. Sapolsky,"Sapolsky, Robert M.",,"=""0743260163""","=""9780743260169""",5,4.22,Scribner,Paperback,209,2005,2005,2021/01/01,2022/09/20,,,read,,,,1,0
31170723,Behave: The Biology of Humans at Our Best and Worst,Robert M. Sapolsky,"Sapolsky, Robert M.",,"=""1594205078""","=""9781594205071""",5,4.40,Penguin Press,Hardcover,790,2017,2017,2021/01/01,2022/09/20,,,read,,,,1,0
32289,A Primate's Memoir: A Neuroscientist's Unconventional Life Among the Baboons,Robert M. Sapolsky,"Sapolsky, Robert M.",,"=""0743202414""","=""9780743202411""",5,4.38,Scribner,Paperback,304,2002,2001,2021/01/01,2022/09/20,,,read,,,,2,0
